,Reporting_Year,NTA__,boro___x,NO_count,unit_value_max_max_x,unit_value_min_min_x,unit_value_total_sum_x,unit_value_mean_x,YES_count,unit_value_max_max_y,unit_value_min_min_y,unit_value_total_sum_y,unit_value_mean_y,count_all,vacant_ratio
0,2019 and 2020,BK09,3,196,358.9386792,37.74271845,26654.89861,135.9943807,31,328.4505495,70.115625,4674.529617,150.791278,227,0.136563877
1,2020 and 2021,BK09,3,200,470.0769231,58.11204365,28062.0894,140.310447,55,358.9386792,70.115625,7831.43866,142.3897938,255,0.215686275
2,2020 and 2021,BK17,3,416,589.7983595,23.04761905,37443.3037,90.0079416,66,195.48,19.23076923,5656.853017,85.70989419,482,0.136929461
3,2019 and 2020,BK17,3,443,589.7983595,25.5,39275.95456,88.65903963,55,195.48,23.04761905,4920.388728,89.46161323,498,0.110441767
4,2019 and 2020,BK19,3,270,483.375,29.87671233,28643.94077,106.0886695,33,165.7760091,18.57753204,2523.293001,76.46342426,303,0.108910891
5,2020 and 2021,BK19,3,254,483.375,29.87671233,25803.16682,101.587271,22,141.6375,22.07142857,1873.770333,85.17137877,276,0.079710145
6,2019 and 2020,BK21,3,109,402.6459854,14.63333333,8632.937649,79.20126283,4,95.47339632,24.39655172,239.7934739,59.94836848,113,0.03539823
7,2020 and 2021,BK21,3,142,402.6459854,24.39655172,10057.56697,70.82793641,10,68.82,17.06100342,474.6811239,47.46811239,152,0.065789474
8,2019 and 2020,BK23,3,45,116.901,30.13359375,3076.943496,68.37652214,10,116.901,67.19951923,921.6861613,92.16861613,55,0.181818182
9,2020 and 2021,BK23,3,31,105.062173,30.13359375,1768.636585,57.05279305,12,105.062173,67.19951923,1124.83765,93.73647085,43,0.279069767
10,2020 and 2021,BK25,3,385,356.3372093,16.72826087,31751.73331,82.47203457,52,227.9093023,16.068,4202.968659,80.82632037,437,0.118993135
11,2019 and 2020,BK25,3,375,356.3372093,16.72826087,31684.14031,84.49104082,46,227.9093023,18.74545455,3627.635132,78.86163331,421,0.109263658
12,2020 and 2021,BK26,3,102,370.8154506,27.55970149,7406.697918,72.61468547,11,98.28947368,24.42592593,681.4073612,61.94612375,113,0.097345133
13,2019 and 2020,BK26,3,114,370.8154506,37.27049202,9013.966804,79.06988424,6,168.9570552,49.98383969,530.1067001,88.35111669,120,0.05
14,2020 and 2021,BK27,3,141,338.3351405,24.61538462,11389.32911,80.77538375,7,154.2802385,24.37151703,495.5433052,70.79190074,148,0.047297297
15,2019 and 2020,BK27,3,144,338.3351405,24.61538462,11722.2425,81.40446181,13,120.3967742,23.22272727,840.5273909,64.65595315,157,0.082802548
16,2020 and 2021,BK28,3,592,507.9719388,20.475,48785.34547,82.40767816,57,274.9821429,24.53515809,3873.86973,67.96262684,649,0.087827427
17,2019 and 2020,BK28,3,585,507.9719388,16.91584158,48147.34492,82.3031537,45,274.9821429,23.83636364,3478.277508,77.29505574,630,0.071428571
18,2020 and 2021,BK29,3,339,549.140625,18.18336163,25517.47672,75.27279268,43,138.3759275,30.99827586,3247.226779,75.51690183,382,0.112565445
19,2019 and 2020,BK29,3,332,549.140625,18.18336163,24523.44086,73.86578572,37,138.3759275,24.89361702,3038.455916,82.12043015,369,0.100271003
20,2020 and 2021,BK30,3,194,462.001524,24.45,15231.15291,78.51109749,24,128.625,25.95384615,1577.094373,65.71226555,218,0.110091743
21,2019 and 2020,BK30,3,178,462.001524,24.3,13790.38974,77.47409967,19,140.8636364,39.11087038,1532.922047,80.68010775,197,0.096446701
22,2020 and 2021,BK31,3,596,409.6328539,20.78504776,52042.35816,87.31939288,83,345.5433658,10.97222222,6215.30396,74.88318024,679,0.122238586
23,2019 and 2020,BK31,3,694,537.5322581,20.78504776,59340.4585,85.50498342,72,265.734375,10.97222222,5115.92383,71.05449764,766,0.093994778
24,2019 and 2020,BK32,3,618,254.5116279,19.13026521,39666.43253,64.18516591,95,140.8823529,22.77429578,5307.267197,55.8659705,713,0.133239832
25,2020 and 2021,BK32,3,640,371.8356164,19.13026521,42152.67121,65.86354877,113,177.7770937,22.77429578,10603.31129,93.83461319,753,0.150066401
26,2019 and 2020,BK33,3,246,286.0714286,11.79310345,26958.54571,109.5875842,44,224.55,15.57352941,4756.559955,108.1036353,290,0.151724138
27,2020 and 2021,BK33,3,260,329.0625,25.34385406,29656.36396,114.0629383,36,208.8623248,17.25,3871.229155,107.5341432,296,0.121621622
28,2019 and 2020,BK34,3,550,363.7362637,21.555,45978.58276,83.5974232,74,272.6526316,23.63636364,5557.649168,75.10336714,624,0.118589744
29,2020 and 2021,BK34,3,535,375.5223881,21.555,44443.92198,83.07275137,71,140.4503106,22.84210526,4930.906977,69.44939405,606,0.117161716
30,2020 and 2021,BK35,3,251,219.3643512,21.88421053,16169.39112,64.41988496,40,92.592,5.75794621,2228.520028,55.71300069,291,0.137457045
31,2019 and 2020,BK35,3,242,219.3643512,8.916666667,15209.86366,62.85067628,47,135.2150538,5.75794621,2628.196559,55.91907573,289,0.162629758
32,2019 and 2020,BK37,3,717,413.2211538,14.52459016,97038.07695,135.3390195,114,302.9836863,19.75367647,14051.21794,123.2562977,831,0.137184116
33,2020 and 2021,BK37,3,686,413.2211538,19.44,94582.30182,137.8750755,110,350.4689632,20.61808118,14407.26277,130.9751161,796,0.138190955
34,2019 and 2020,BK38,3,488,456.9463087,31.43414634,65697.95926,134.6269657,79,345.9264126,35.42328042,9809.341096,124.1688746,567,0.139329806
35,2020 and 2021,BK38,3,497,506.2,31.43414634,66372.73333,133.5467472,102,345.9264126,28.25755475,12390.08734,121.4714445,599,0.170283806
36,2019 and 2020,BK40,3,68,567.5480769,21.225,8770.218566,128.9738024,5,60.6744186,25.56,208.7635311,41.75270621,73,0.068493151
37,2020 and 2021,BK40,3,80,567.5480769,21.225,9666.510575,120.8313822,4,204.6721081,73.04081633,563.6039463,140.9009866,84,0.047619048
38,2020 and 2021,BK41,3,156,415.1806414,24.25588235,12370.96524,79.30105925,16,141.627907,24.25588235,1098.105824,68.63161398,172,0.093023256
39,2019 and 2020,BK41,3,168,415.1806414,24.25588235,13281.7069,79.05777915,14,141.627907,24.25588235,1102.432867,78.74520479,182,0.076923077
40,2019 and 2020,BK42,3,426,500.1470588,11.95991091,33058.37542,77.60182023,44,114.8700696,21,2698.552833,61.33074621,470,0.093617021
41,2020 and 2021,BK42,3,446,500.1470588,21.23455233,34650.09566,77.69079745,50,137.4589224,20.41666667,3490.1673,69.803346,496,0.100806452
42,2019 and 2020,BK43,3,244,291.2078153,15.41584724,19467.2223,79.78369796,24,113.4,21.90909091,1183.986499,49.33277079,268,0.089552239
43,2020 and 2021,BK43,3,249,250.5681818,17.91964286,17962.99031,72.14052334,30,113.4,22.44078947,1635.962119,54.53207064,279,0.107526882
44,2019 and 2020,BK44,3,300,331.875,18.48730114,28523.97362,95.07991208,25,184.6015038,30.08823529,2412.717084,96.50868334,325,0.076923077
45,2020 and 2021,BK44,3,292,255.9,23.00806452,28264.66808,96.79680851,35,205.3846154,30.08823529,3247.294463,92.7798418,327,0.107033639
46,2020 and 2021,BK45,3,210,372.4804688,22.44047619,23258.36269,110.7541081,27,284.0526316,23.30128205,3395.920785,125.7748439,237,0.113924051
47,2019 and 2020,BK45,3,178,372.4804688,17.18303571,14475.02481,81.32036407,32,157.3071429,23.30128205,1985.343514,62.0419848,210,0.152380952
48,2020 and 2021,BK46,3,92,188.3076923,26.74975321,5485.133073,59.62101167,7,48.735,27.95276873,261.0543833,37.29348333,99,0.070707071
49,2019 and 2020,BK46,3,100,188.3076923,26.74975321,6029.486854,60.29486854,10,105.9705882,24.53333333,565.0277952,56.50277952,110,0.090909091
50,2019 and 2020,BK50,3,285,540.5273438,28.2967033,28680.45187,100.6331645,29,165.9983744,15.74074074,2298.061675,79.24350603,314,0.092356688
51,2020 and 2021,BK50,3,302,540.5273438,28.2967033,31156.72409,103.1679606,28,224.8571429,40.97958643,2563.406876,91.55024556,330,0.084848485
52,2019 and 2020,BK58,3,353,486,8.984210526,27145.30425,76.89887888,28,163.2858356,17.9757085,1995.386919,71.26381855,381,0.073490814
53,2020 and 2021,BK58,3,359,486,15.82222222,28347.56666,78.96258123,37,163.2858356,18.28125,2594.143311,70.11198137,396,0.093434343
54,2020 and 2021,BK60,3,439,396.9985775,16.66604891,27241.68931,62.05396198,61,102.3637375,16.66604891,3029.01554,49.65599246,500,0.122
55,2019 and 2020,BK60,3,400,396.9985775,16.66604891,22752.38023,56.88095058,51,125.8461538,16.66604891,2666.163854,52.27772262,451,0.11308204
56,2020 and 2021,BK61,3,527,308.7613636,12.89256198,39156.99338,74.30169522,70,171.8914647,16.6543258,4954.474218,70.77820312,597,0.117252931
57,2019 and 2020,BK61,3,434,374.7218024,16.6543258,33527.75784,77.25289826,77,171.8914647,9.609720177,4608.204689,59.84681414,511,0.150684932
58,2019 and 2020,BK63,3,153,295.6925676,22.73761073,8953.346918,58.51860731,25,147.7797658,22.73761073,1318.290783,52.73163131,178,0.140449438
59,2020 and 2021,BK63,3,200,295.6925676,19.26870748,11894.80273,59.47401365,24,116.7032967,19.70967742,1222.470378,50.93626573,224,0.107142857
60,2019 and 2020,BK64,3,108,322.6829268,39.59079284,15444.15531,143.0014381,19,218.6172686,20.7231405,1409.96481,74.20867422,127,0.149606299
61,2020 and 2021,BK64,3,87,322.6829268,29.1316932,12121.95173,139.3327785,19,263.9484979,24.15705827,2382.014984,125.3692097,106,0.179245283
62,2019 and 2020,BK68,3,144,350.4282655,38.46492847,17852.61539,123.9764957,31,249.7633136,62.97251908,2767.875263,89.28629879,175,0.177142857
63,2020 and 2021,BK68,3,158,350.4282655,34.45588235,20735.89639,131.2398506,30,263.9273356,65.38436991,3469.554406,115.6518135,188,0.159574468
64,2020 and 2021,BK69,3,184,322.734375,13.59574468,15192.09302,82.56572295,31,207.2530864,10.7,2372.432901,76.53009359,215,0.144186047
65,2019 and 2020,BK69,3,205,322.734375,17.15184609,17147.81994,83.64790217,23,134.1947115,13.96,1247.052173,54.21965969,228,0.100877193
66,2020 and 2021,BK72,3,91,184.7070506,24.20352569,4995.721694,54.89804059,3,98.5984998,36.02714932,214.6502342,71.55007808,94,0.031914894
67,2019 and 2020,BK72,3,115,184.7070506,21.86915888,6370.384201,55.39464523,3,52.25613802,40.27576197,139.5319,46.51063333,118,0.025423729
68,2020 and 2021,BK73,3,552,501.6,22.49594959,58914.81685,106.7297407,123,224.7428571,31.61458333,12563.09396,102.1389753,675,0.182222222
69,2019 and 2020,BK73,3,564,501.6,22.49594959,60694.40362,107.6141908,98,224.7428571,19.6097561,8888.108278,90.69498242,662,0.148036254
70,2020 and 2021,BK75,3,266,187.65,10.86136364,16301.32187,61.28316494,52,121.8181818,10.86136364,2889.238576,55.56228031,318,0.163522013
71,2019 and 2020,BK75,3,275,283.1332912,10.86136364,17202.62666,62.55500605,50,169.92,10.86136364,3252.074219,65.04148438,325,0.153846154
72,2020 and 2021,BK76,3,427,439.1833189,12.42595415,52137.73795,122.1024308,67,335.6697819,17.96178344,7152.388071,106.7520608,494,0.13562753
73,2019 and 2020,BK76,3,412,335.6697819,12.42595415,50455.06663,122.4637539,58,237.4,14.016,5521.468591,95.19773432,470,0.123404255
74,2020 and 2021,BK77,3,446,404.2279412,9.561692308,36230.33637,81.23393805,39,136.4583333,48.24,3313.723038,84.96725739,485,0.080412371
75,2019 and 2020,BK77,3,480,404.2279412,9.561692308,37770.29392,78.68811234,55,118.9384615,12.65285498,4209.371249,76.53402271,535,0.102803738
76,2020 and 2021,BK78,3,366,296.4,16.63392857,26914.53369,73.5369773,59,188.6896552,19.66572238,4657.235088,78.93618794,425,0.138823529
77,2019 and 2020,BK78,3,368,296.4,16.63392857,27435.86561,74.55398263,40,188.6896552,19.104,3108.628525,77.71571313,408,0.098039216
78,2020 and 2021,BK79,3,105,381.6818182,18.34482759,6346.331422,60.44125164,16,94.6978022,21.25,746.8179844,46.67612403,121,0.132231405
79,2019 and 2020,BK79,3,106,208.5,19.13461538,5896.143157,55.62399205,20,76.32920515,18.34482759,893.2451964,44.66225982,126,0.158730159
80,2019 and 2020,BK81,3,381,389.475,14.53020962,23093.26403,60.61224154,34,79.02,11.19957983,1495.895813,43.99693568,415,0.081927711
81,2020 and 2021,BK81,3,353,389.475,23.98784307,22247.4852,63.02403741,26,82.22033898,12.83701268,1197.425281,46.05481851,379,0.068601583
82,2019 and 2020,BK82,3,319,455.8512064,18.09,31568.37505,98.96042336,23,193.6412396,12.37190702,1342.816203,58.38331315,342,0.067251462
83,2020 and 2021,BK82,3,314,455.8512064,18.09,32185.45279,102.501442,26,163.2593584,14.52357071,1534.826207,59.03177719,340,0.076470588
84,2019 and 2020,BK83,3,187,256.9090909,27.975,13262.86172,70.9243942,21,137.7,14.62957174,1231.538171,58.6446748,208,0.100961538
85,2020 and 2021,BK83,3,189,256.9090909,14.0591716,13536.36764,71.62099279,19,137.7,14.6,1232.506264,64.86875076,208,0.091346154
86,2019 and 2020,BK85,3,60,183.7078652,19.875,2989.194659,49.81991099,12,56.25,14.18666667,423.090573,35.25754775,72,0.166666667
87,2020 and 2021,BK85,3,68,116.0054902,23,3178.905252,46.74860664,5,46.31803074,16.77,167.868765,33.573753,73,0.068493151
88,2019 and 2020,BK88,3,630,262.5,18.48214286,41735.17153,66.24630402,42,139.125,18.48214286,2343.827395,55.80541416,672,0.0625
89,2020 and 2021,BK88,3,588,262.5,18.48214286,38467.06649,65.42018111,38,185.7567568,23.78718535,2206.637717,58.0694136,626,0.060702875
90,2019 and 2020,BK90,3,361,369.25,17.22393001,32056.85216,88.80014447,52,172.125,16.88421053,4627.37132,88.98790999,413,0.12590799
91,2020 and 2021,BK90,3,363,369.25,16.88421053,32410.7375,89.28577824,44,166.8,20.2704,3976.15322,90.36711863,407,0.108108108
92,2020 and 2021,BK91,3,267,395.4225352,14.64230769,19110.77266,71.57592757,18,203.1130435,15.46,1302.39587,72.3553261,285,0.063157895
93,2019 and 2020,BK91,3,253,395.4225352,14.72880299,18014.48772,71.20350879,23,123.2,15.46,1405.635639,61.114593,276,0.083333333
94,2020 and 2021,BK93,3,23,103.3813768,32.91992264,2307.310213,100.3178353,2,103.3813768,103.3813768,206.7627537,103.3813768,25,0.08
95,2019 and 2020,BK93,3,23,103.3813768,32.91992264,2307.310213,100.3178353,2,103.3813768,103.3813768,206.7627537,103.3813768,25,0.08
96,2020 and 2021,BK95,3,211,234.0322581,18.72439024,14932.4104,70.76971751,40,113.472,15.3,2532.564823,63.31412057,251,0.15936255
97,2019 and 2020,BK95,3,184,234.0322581,12.59881423,12817.33307,69.65941884,38,97.66912196,16.9569378,2376.302155,62.53426723,222,0.171171171
98,2020 and 2021,BK96,3,279,301.4505495,17.32258065,19268.18954,69.06161124,27,120.5084746,14.41958888,1556.663273,57.65419531,306,0.088235294
99,2019 and 2020,BK96,3,277,301.4505495,17.85,18854.34291,68.0662199,33,354,15.14925373,2171.614306,65.80649411,310,0.106451613
100,2020 and 2021,BK99,3,16,98.859375,25.9875,1031.002034,64.43762716,20,84.48589725,79.13722826,1682.335347,84.11676737,36,0.555555556
101,2019 and 2020,BK99,3,14,98.859375,25.9875,788.2483695,56.30345497,18,84.48589725,30.19067797,1461.102262,81.1723479,32,0.5625
102,2019 and 2020,BX01,2,187,238.39432,15.668988,9857.353433,52.71311996,18,69.40796795,11.34841629,739.1204809,41.06224894,205,0.087804878
103,2020 and 2021,BX01,2,192,238.39432,11.34841629,9836.551391,51.2320385,13,87,20.53654024,752.1704637,57.85926644,205,0.063414634
104,2019 and 2020,BX03,2,186,227.25,16.94092577,12251.92215,65.87054919,25,140.1290674,32.26829268,1764.076183,70.56304732,211,0.118483412
105,2020 and 2021,BX03,2,155,265.4457831,32.26829268,10624.51341,68.54524778,22,117.2205882,34.56608812,1381.464315,62.79383251,177,0.124293785
106,2019 and 2020,BX05,2,370,456.2741117,13.37992854,35719.60084,96.53946174,41,456.2741117,15.07228916,5479.734483,133.6520606,411,0.099756691
107,2020 and 2021,BX05,2,367,456.2741117,12.17316017,34666.81366,94.45998273,42,456.2741117,17.952,3337.672477,79.46839231,409,0.102689487
108,2019 and 2020,BX06,2,274,422.4375,1.52977386,16897.17251,61.6685128,33,105.4598429,1.52977386,1893.911441,57.39125579,307,0.107491857
109,2020 and 2021,BX06,2,299,422.4375,12.5625,19954.62565,66.73787844,40,106.02,13.36314848,2527.874847,63.19687119,339,0.1179941
110,2019 and 2020,BX07,2,234,234.5518868,14.32803468,16159.1698,69.05628122,17,136.3370677,14.32803468,750.8271277,44.16630163,251,0.067729084
111,2020 and 2021,BX07,2,251,236.9239631,14.32803468,17460.59391,69.56411916,12,73.72653061,23.56091772,560.7327968,46.72773306,263,0.045627376
112,2019 and 2020,BX08,2,244,455.0314465,13.30714286,17546.16164,71.91049851,7,169.171875,20.23113709,649.4081756,92.77259652,251,0.027888446
113,2020 and 2021,BX08,2,225,455.0314465,13.30714286,15902.97615,70.67989401,15,169.171875,20.23113709,1353.773926,90.25159504,240,0.0625
114,2020 and 2021,BX09,2,156,368.1372549,18.03122449,14495.67088,92.92096715,14,222.0179104,33.99100257,1368.192295,97.72802108,170,0.082352941
115,2019 and 2020,BX09,2,128,368.1372549,18.03122449,12705.78157,99.2639185,22,174.9449339,51.07327905,1889.957493,85.90715875,150,0.146666667
116,2019 and 2020,BX10,2,177,326.2323391,13.86773547,14392.47432,81.31341424,8,63.7875,16.85516373,363.3283186,45.41603982,185,0.043243243
117,2020 and 2021,BX10,2,181,326.2323391,12.65267176,14354.65467,79.30748435,12,121.5149007,14.95833333,681.894943,56.82457858,193,0.062176166
118,2020 and 2021,BX13,2,310,382.8967254,20.31428571,28718.66803,92.64086461,22,178.6182243,22.71452608,2030.792945,92.30877025,332,0.06626506
119,2019 and 2020,BX13,2,278,382.8967254,28.98,25839.17374,92.94666814,32,141.2044121,22.71452608,2901.060149,90.65812966,310,0.103225806
120,2020 and 2021,BX14,2,373,223.6704545,12.83985213,18319.81355,49.11478163,32,85.98033708,18.41773349,1237.407179,38.66897433,405,0.079012346
121,2019 and 2020,BX14,2,378,223.6704545,12.83985213,17094.94142,45.22471276,31,114.7021277,18.41773349,1400.131627,45.16553634,409,0.075794621
122,2019 and 2020,BX17,2,301,146.24,11.16647128,17757.27991,58.9942854,29,112.2438044,15.42492918,1665.003907,57.41392782,330,0.087878788
123,2020 and 2021,BX17,2,312,146.24,13.36423355,18734.88183,60.04769817,24,124.5394737,41.37804878,1784.061934,74.33591393,336,0.071428571
124,2020 and 2021,BX22,2,100,291.4772727,19.845,8532.942584,85.32942584,12,111.3,38.82042254,970.5383583,80.87819653,112,0.107142857
125,2019 and 2020,BX22,2,93,458.7662338,19.845,8450.713277,90.8678847,12,111.3,38.82042254,858.3570341,71.52975284,105,0.114285714
126,2019 and 2020,BX26,2,161,379.6875,11.9025,7821.265525,48.57928898,13,127.9285714,21.40577204,810.8321815,62.37170627,174,0.074712644
127,2020 and 2021,BX26,2,210,379.6875,11.9025,9497.127242,45.22441544,11,144.4532668,20.6557377,691.3499577,62.84999616,221,0.049773756
128,2020 and 2021,BX27,2,367,322.5755396,10.89772727,27050.62148,73.70741547,31,163.456306,10.89772727,1667.902089,53.80329319,398,0.077889447
129,2019 and 2020,BX27,2,337,322.5755396,10.89772727,26234.31328,77.84662694,28,183.375,10.89772727,1357.586482,48.48523149,365,0.076712329
130,2019 and 2020,BX28,2,183,272.9927007,10.2810219,8972.286123,49.02888592,8,63.71320755,23.52995906,347.3271007,43.41588759,191,0.041884817
131,2020 and 2021,BX28,2,168,272.9927007,10.2810219,8181.501121,48.69941143,15,65.70378151,21.46595945,567.7926424,37.85284283,183,0.081967213
132,2020 and 2021,BX29,2,360,404.8815789,13.79732143,37366.29056,103.7952516,39,231.065419,24.87356322,3455.703528,88.60778277,399,0.097744361
133,2019 and 2020,BX29,2,369,404.8815789,13.79732143,36677.13675,99.39603457,36,231.065419,16.28965517,3126.202181,86.83894946,405,0.088888889
134,2020 and 2021,BX30,2,148,321.3078187,15.81352834,12174.79747,82.26214507,4,102.5795455,34.97784938,263.6020893,65.90052232,152,0.026315789
135,2019 and 2020,BX30,2,140,321.3078187,22.71428571,11432.32805,81.65948606,5,148.670325,34.97784938,444.3944058,88.87888115,145,0.034482759
136,2019 and 2020,BX31,2,134,207.8181818,22.21584386,8910.443245,66.49584511,11,107.6543061,41.00616991,800.5323187,72.77566534,145,0.075862069
137,2020 and 2021,BX31,2,151,171.09375,22.21584386,9789.758907,64.83284045,6,107.6543061,37.28863636,501.6142682,83.60237803,157,0.038216561
138,2019 and 2020,BX33,2,182,148.1301939,10.48368433,7939.043223,43.62111661,23,87.61895699,10.48368433,1209.91964,52.60520176,205,0.112195122
139,2020 and 2021,BX33,2,225,148.1301939,10.48368433,9983.150858,44.36955937,19,76.49903288,10.48368433,716.2506031,37.69740016,244,0.077868852
140,2019 and 2020,BX34,2,384,348.5473562,8.76744706,28293.56945,73.68117045,59,348.5473562,17.09045661,4541.41936,76.97320949,443,0.133182844
141,2020 and 2021,BX34,2,397,389.8125,8.76744706,29616.02416,74.59955709,55,389.8125,17.09045661,4493.669747,81.7030863,452,0.121681416
142,2020 and 2021,BX35,2,225,138.0208333,12.16752388,10386.08001,46.16035558,18,48.44788732,4.659685864,473.3900995,26.29944997,243,0.074074074
143,2019 and 2020,BX35,2,230,205.25,10.49235993,11377.18565,49.46602457,35,104.5625,10.49235993,1416.760572,40.47887348,265,0.132075472
144,2020 and 2021,BX36,2,272,221.6949153,12.0160425,15339.51206,56.39526493,20,105.3918844,12.0160425,1193.690486,59.68452432,292,0.068493151
145,2019 and 2020,BX36,2,264,221.6949153,12.0160425,14570.91974,55.1928778,19,138.3088235,12.0160425,1039.72085,54.72214998,283,0.067137809
146,2020 and 2021,BX37,2,349,536.3636364,12.61428571,20578.39017,58.96386869,28,95.25,13.24119483,1544.626822,55.16524363,377,0.074270557
147,2019 and 2020,BX37,2,337,536.3636364,9.945,19591.81168,58.1359397,32,107.95,11.19617225,1824.247409,57.00773154,369,0.086720867
148,2019 and 2020,BX39,2,463,239.3693694,11.57796909,27411.86983,59.20490243,46,129.4980469,13.53770545,2582.335923,56.13773745,509,0.090373281
149,2020 and 2021,BX39,2,482,268.8271605,11.57796909,28911.00706,59.98134244,32,129.4980469,13.53770545,1808.28828,56.50900875,514,0.062256809
150,2020 and 2021,BX40,2,330,409.7786689,12.92672773,29620.23389,89.75828452,17,250.5081301,14.89330605,1261.803903,74.22375902,347,0.048991354
151,2019 and 2020,BX40,2,340,409.7786689,12.92672773,31500.48689,92.64849086,21,250.5081301,14.89330605,1405.823775,66.94398928,361,0.058171745
152,2020 and 2021,BX41,2,420,281.2335189,12.41007194,25599.1174,60.95027952,29,249.2373418,14.1796875,1488.966155,51.34366052,449,0.064587973
153,2019 and 2020,BX41,2,399,281.2335189,12.41007194,24332.84032,60.98456221,33,121.245283,13.525,1940.739309,58.8102821,432,0.076388889
154,2019 and 2020,BX43,2,308,240.5727924,9.372721908,20568.94533,66.78229003,17,75.08219178,13.56473737,687.3799552,40.43411501,325,0.052307692
155,2020 and 2021,BX43,2,288,202.95,9.372721908,20133.08009,69.90652808,11,142.785,15.22038925,516.3833081,46.9439371,299,0.036789298
156,2019 and 2020,BX44,2,455,431.5384615,20.99537037,31919.54578,70.15284787,41,99.84615385,12.29872881,2057.592691,50.1851876,496,0.08266129
157,2020 and 2021,BX44,2,450,431.5384615,13.97749835,31179.59425,69.28798723,34,99.84615385,12.29872881,1897.33116,55.80385763,484,0.070247934
158,2019 and 2020,BX46,2,115,319.2631579,23.54032258,12317.25621,107.1065757,7,141.525,12.47691016,443.1474232,63.30677474,122,0.057377049
159,2020 and 2021,BX46,2,118,319.2631579,23.54032258,12449.07155,105.5006064,3,94.27118644,33.62580645,192.5333565,64.17778551,121,0.024793388
160,2019 and 2020,BX49,2,266,394.3285714,11.33863636,25740.41936,96.76849382,31,207.108,26.52631579,2510.060569,80.96969579,297,0.104377104
161,2020 and 2021,BX49,2,268,394.3285714,11.33863636,26194.00227,97.73881443,15,207.108,29.17279791,1425.22813,95.01520868,283,0.053003534
162,2019 and 2020,BX52,2,185,587.25,31.39285714,15038.43197,81.28882145,22,168.5300207,21.22395833,1514.308451,68.83220232,207,0.106280193
163,2020 and 2021,BX52,2,187,587.25,21.22395833,15938.71824,85.23378737,21,90.41659523,13.70040486,1170.459881,55.73618479,208,0.100961538
164,2020 and 2021,BX55,2,206,585,14.96629213,15348.99183,74.50966907,10,138.2557685,24.15957447,666.3416039,66.63416039,216,0.046296296
165,2019 and 2020,BX55,2,184,585,14.96629213,14135.25148,76.8220189,11,152.4314398,24.15957447,720.7413754,65.52194321,195,0.056410256
166,2020 and 2021,BX59,2,223,301.4135556,18.17,16711.55308,74.9396999,19,149.8956885,13.1209403,1331.802526,70.09486978,242,0.078512397
167,2019 and 2020,BX59,2,217,301.4135556,16.2244898,15028.45834,69.25556838,15,149.8956885,27.09109025,1101.683553,73.4455702,232,0.064655172
168,2020 and 2021,BX62,2,247,347.9268293,19.21843003,17971.85841,72.76056037,15,89.84432913,19.21843003,565.4067608,37.69378406,262,0.057251908
169,2019 and 2020,BX62,2,224,470,19.21843003,16165.3317,72.16665938,14,109.8,12.76427061,490.8115208,35.05796577,238,0.058823529
170,2019 and 2020,BX63,2,388,457.0945946,13.29394776,29528.42593,76.10419055,19,263.15,16.21074417,1352.250659,71.17108731,407,0.046683047
171,2020 and 2021,BX63,2,377,457.0945946,13.29394776,29383.16475,77.93942904,22,225.837931,16.21074417,1515.446406,68.88392753,399,0.055137845
172,2020 and 2021,BX75,2,129,174.5612086,12.375,6457.956606,50.06167911,11,76.47985075,28.908,498.5271372,45.32064883,140,0.078571429
173,2019 and 2020,BX75,2,139,174.5612086,12.375,6694.989475,48.16539191,15,93.65625,17.54343629,654.6186379,43.64124253,154,0.097402597
174,2020 and 2021,MN01,2,43,235.2860502,25.25835866,3992.704359,92.85358975,5,198.4424845,85.25675676,618.6005825,123.7201165,48,0.104166667
175,2020 and 2021,MN01,2,43,235.2860502,25.25835866,3992.704359,92.85358975,14,180.3488372,20.11,1074.153159,76.72522565,57,0.245614035
176,2020 and 2021,MN01,1,427,518.75,18.5625,30379.24465,71.145772,5,198.4424845,85.25675676,618.6005825,123.7201165,432,0.011574074
177,2020 and 2021,MN01,1,427,518.75,18.5625,30379.24465,71.145772,14,180.3488372,20.11,1074.153159,76.72522565,441,0.031746032
178,2019 and 2020,MN01,1,424,518.75,18.5625,31174.71699,73.52527593,32,141.8021247,27.31031583,1607.180108,50.22437838,456,0.070175439
179,2019 and 2020,MN01,1,424,518.75,18.5625,31174.71699,73.52527593,4,198.4424845,85.25675676,494.9945065,123.7486266,428,0.009345794
180,2019 and 2020,MN01,2,42,235.2860502,29.31913408,4005.416767,95.36706588,32,141.8021247,27.31031583,1607.180108,50.22437838,74,0.432432432
181,2019 and 2020,MN01,2,42,235.2860502,29.31913408,4005.416767,95.36706588,4,198.4424845,85.25675676,494.9945065,123.7486266,46,0.086956522
182,2019 and 2020,MN03,1,532,244.4776119,15.7362765,30935.66104,58.1497388,57,138.8568129,21.18408369,3322.539732,58.29017074,589,0.096774194
183,2020 and 2021,MN03,1,523,244.4776119,15.7362765,31070.71634,59.40863545,57,114.9414894,19.6875,3155.825509,55.3653598,580,0.098275862
184,2020 and 2021,MN04,1,368,242.5644195,15.62189055,23039.06024,62.60614195,52,205.665478,27.83403038,2781.155528,53.48376016,420,0.123809524
185,2019 and 2020,MN04,1,329,233.7595076,15.62189055,19871.65037,60.40015311,57,205.665478,15.62189055,3041.627342,53.3618832,386,0.147668394
186,2019 and 2020,MN06,1,140,455.7692308,14.660946,9048.63535,64.63310964,9,78.75811939,26.68187001,442.4590921,49.16212134,149,0.060402685
187,2020 and 2021,MN06,1,123,455.7692308,14.660946,7530.595592,61.2243544,9,64.02706657,30.62236921,425.2877641,47.25419601,132,0.068181818
188,2019 and 2020,MN09,1,283,577.2228261,13.81555044,27346.45087,96.63056845,16,460.7517116,56.51244168,1967.771566,122.9857229,299,0.053511706
189,2020 and 2021,MN09,1,284,577.2228261,13.81555044,28085.4206,98.89232604,34,460.7517116,44.21366954,3680.543737,108.2512864,318,0.106918239
190,2020 and 2021,MN11,1,328,440.236822,6.56084258,30901.31354,94.21132177,49,480.118849,25.81131576,5537.835404,113.0170491,377,0.129973475
191,2019 and 2020,MN11,1,299,440.236822,10.47380396,28501.10139,95.32140934,57,480.118849,19.79087452,6336.960179,111.17474,356,0.16011236
192,2019 and 2020,MN12,1,723,569.5046748,21.89168965,97132.30962,134.3462097,91,299.0796284,26.23207115,10349.24328,113.7279481,814,0.111793612
193,2020 and 2021,MN12,1,683,569.5046748,21.89168965,90643.07491,132.7131404,112,398.8235294,36.27753304,14380.37211,128.3961795,795,0.140880503
194,2019 and 2020,MN13,1,1398,578.4782609,45.50370389,234647.9469,167.8454556,231,537.5578121,45.50370389,38138.85733,165.1032785,1629,0.141804788
195,2020 and 2021,MN13,1,1325,565.9206081,45.50370389,224891.7199,169.7295999,297,537.5578121,45.50370389,50752.25836,170.8830248,1622,0.183107275
196,2020 and 2021,MN14,1,317,364.7213115,67.31475136,52248.48518,164.8217198,34,320.3018868,82.74891775,5846.432258,171.9538899,351,0.096866097
197,2019 and 2020,MN14,1,327,364.7213115,73.94221853,53796.68737,164.5158635,30,320.3018868,82.74891775,5113.274655,170.4424885,357,0.084033613
198,2020 and 2021,MN15,1,659,538.4792627,13.69067797,105724.285,160.4313885,132,490.4571429,32.24460432,21119.88369,159.9991188,791,0.16687737
199,2019 and 2020,MN15,1,710,538.4792627,13.69067797,114623.5682,161.4416453,94,367.6068376,55.93193717,15458.1859,164.4487861,804,0.116915423
200,2020 and 2021,MN17,1,2263,598.7681159,39.61607143,373284.978,164.9513822,544,576.9672221,6.334272489,92162.27191,169.415941,2807,0.193801211
201,2019 and 2020,MN17,1,2613,598.7681159,39.61607143,448604.9427,171.6819528,400,576.9672221,6.334272489,66598.40228,166.4960057,3013,0.132758048
202,2019 and 2020,MN19,1,775,572.4444696,54.70445397,132736.8539,171.2733599,132,572.4444696,54.70445397,22209.83734,168.2563434,907,0.14553473
203,2020 and 2021,MN19,1,742,572.4444696,54.70445397,127308.9608,171.5754189,201,409.38,54.70445397,33029.77046,164.3272162,943,0.213149523
204,2019 and 2020,MN20,1,643,491.9766796,54.58879298,99532.88721,154.7945369,82,350.339186,10.37357412,13998.07385,170.7082177,725,0.113103448
205,2020 and 2021,MN20,1,627,491.9766796,54.58879298,96878.83626,154.5117006,115,350.339186,58.26268302,17054.50678,148.3000589,742,0.154986523
206,2019 and 2020,MN21,1,361,524.4690265,50.48502741,62235.28797,172.3969196,47,470.8252629,12.48022543,7072.729537,150.4836072,408,0.115196078
207,2020 and 2021,MN21,1,346,524.4690265,62.27097396,58831.71413,170.0338559,72,470.8252629,12.48022543,12170.69118,169.0373775,418,0.172248804
208,2020 and 2021,MN22,1,868,506.7439024,23.79900489,155256.716,178.8671843,148,476.2285714,57.03061224,25585.57247,172.8754896,1016,0.145669291
209,2019 and 2020,MN22,1,921,506.7439024,23.79900489,165904.8238,180.1355308,104,441,40.65513142,20133.60007,193.5923084,1025,0.101463415
210,2020 and 2021,MN23,1,1188,560.4381443,23.1856673,259115.5182,218.1107055,241,598.9393939,71.19333924,53124.41292,220.4332486,1429,0.168649405
211,2019 and 2020,MN23,1,1286,560.5263158,23.1856673,279706.1151,217.5008671,185,598.9393939,71.19333924,42808.82492,231.3990536,1471,0.125764786
212,2020 and 2021,MN24,1,1325,591.6,32.46774194,250105.6445,188.758977,337,489.0158984,40.93931398,64289.65895,190.7705013,1662,0.20276775
213,2019 and 2020,MN24,1,1429,591.6,32.46774194,270247.7421,189.1166844,238,489.0158984,16.02305825,44890.05301,188.6136681,1667,0.142771446
214,2020 and 2021,MN25,1,435,558.4745763,45.34697089,49122.62404,112.9255725,108,319.1742081,31.87619655,11236.18639,104.0387629,543,0.198895028
215,2019 and 2020,MN25,1,476,558.4745763,32.47737557,53890.11095,113.2145188,95,319.1742081,31.87619655,9479.741357,99.78675113,571,0.166374781
216,2020 and 2021,MN27,1,1237,569.292697,21.04065157,143958.8323,116.3773907,245,255.6,22.72325376,27010.38183,110.2464565,1482,0.165317139
217,2019 and 2020,MN27,1,1215,569.292697,26.84367602,141418.6196,116.3939256,225,291.6731822,22.72325376,25567.30471,113.6324654,1440,0.15625
218,2019 and 2020,MN28,1,358,319.8018293,25.97826087,44896.92364,125.4104012,55,277.8974805,39.47123016,7071.423273,128.5713322,413,0.133171913
219,2020 and 2021,MN28,1,347,314.5654506,25.97826087,45031.9948,129.7752012,67,277.8974805,45.17470882,8365.444973,124.8573877,414,0.161835749
220,2019 and 2020,MN31,1,635,433.3912612,55.06153846,103309.6422,162.69235,94,433.3912612,75.08331972,14836.40246,157.8340687,729,0.128943759
221,2020 and 2021,MN31,1,639,433.4530854,55.06153846,105275.1454,164.7498363,119,433.3912612,73.63278622,20231.69997,170.0142855,758,0.156992084
222,2019 and 2020,MN32,1,565,413.1268588,51.84085511,92516.95272,163.746819,59,409.3571429,71.2096427,11163.03242,189.2039394,624,0.094551282
223,2020 and 2021,MN32,1,547,413.1268588,51.84085511,90421.74585,165.304837,84,409.3571429,55.22535211,14163.81277,168.6168187,631,0.133122029
224,2019 and 2020,MN33,1,417,279.4281377,17.99464843,35274.78196,84.59180327,30,391.5,32.64230769,2599.442031,86.6480677,447,0.067114094
225,2020 and 2021,MN33,1,380,391.5,23.89787234,32900.4469,86.58012341,45,391.5,12.48043574,3906.087484,86.8019441,425,0.105882353
226,2020 and 2021,MN34,1,498,527.0511296,20.9308836,38685.07243,77.68086834,74,161.6887403,21.07885714,5292.898538,71.52565592,572,0.129370629
227,2019 and 2020,MN34,1,496,527.0511296,20.9308836,39355.63889,79.34604615,72,157.8712719,21.07885714,4440.468853,61.67317851,568,0.126760563
228,2020 and 2021,MN35,1,643,564.75,14.47028862,52944.51962,82.33984389,64,316.1893299,4.317878071,5661.157741,88.4555897,707,0.090523338
229,2019 and 2020,MN35,1,630,564.75,14.47028862,50537.04379,80.21752982,68,316.1893299,14.47028862,5755.288603,84.6365971,698,0.097421203
230,2019 and 2020,MN36,1,777,360.7585523,14.39905625,43892.58746,56.48981656,87,123.4147115,14.39905625,4819.558879,55.39722849,864,0.100694444
231,2020 and 2021,MN36,1,770,250.3796769,14.39905625,44468.66877,57.75151789,87,207.1100244,14.39905625,4578.750587,52.62931709,857,0.101516919
232,2019 and 2020,MN40,1,928,583.9342524,68.13988298,211819.0783,228.2533172,154,533.4412351,88.30695351,37942.33406,246.3787926,1082,0.14232902
233,2020 and 2021,MN40,1,913,583.9342524,68.13988298,211524.1304,231.6803181,194,533.4412351,78.03311618,47174.07257,243.1653225,1107,0.175248419
234,2019 and 2020,MN50,1,19,78.74049896,62.481259,1463.551,77.02900001,5,78.74049896,62.481259,377.4432548,75.48865097,24,0.208333333
235,2020 and 2021,MN50,1,18,78.74049896,62.481259,1384.810501,76.93391674,6,78.74049896,62.481259,456.1837538,76.03062563,24,0.25
236,2019 and 2020,QN01,4,54,180.0929752,18.51,3084.684697,57.12379069,8,83.4375,17.79,362.5700645,45.32125806,62,0.129032258
237,2020 and 2021,QN01,4,55,180.0929752,20.14742015,3168.018541,57.60033711,6,83.4375,20.09639193,328.6188126,54.76980209,61,0.098360656
238,2020 and 2021,QN02,4,49,425.715859,33.10096154,4242.49809,86.58159366,5,59.38546386,33.10096154,270.642817,54.12856339,54,0.092592593
239,2019 and 2020,QN02,4,55,477.0666667,33.10096154,5207.341699,94.67893998,2,103.6259542,33.10096154,136.7269157,68.36345787,57,0.035087719
240,2020 and 2021,QN03,4,109,225,31.82451923,6394.028352,58.66081057,18,213.4285714,20.23404255,1019.131609,56.61842272,127,0.141732283
241,2019 and 2020,QN03,4,150,225,27.26162791,8227.069795,54.84713197,38,213.4285714,39.4237435,1961.054334,51.606693,188,0.20212766
242,2019 and 2020,QN05,4,64,259.4342708,38.00769231,5970.071479,93.28236686,7,84.24242424,17.93684211,440.9299323,62.98999034,71,0.098591549
243,2020 and 2021,QN05,4,66,259.4342708,38.00769231,5826.019885,88.27302856,12,102.7496199,18.97959184,796.8084921,66.40070767,78,0.153846154
244,2019 and 2020,QN06,4,210,340.5882353,30.02631579,18188.52631,86.61203007,25,203.3181818,40.12941176,2369.941179,94.79764714,235,0.106382979
245,2020 and 2021,QN06,4,214,340.5882353,16.85416667,18159.85929,84.85915558,11,203.3181818,82.34291281,1370.656242,124.6051129,225,0.048888889
246,2019 and 2020,QN07,4,57,220.3714286,18.75,3919.939278,68.77086453,7,75.92113769,16,393.1066375,56.15809107,64,0.109375
247,2020 and 2021,QN07,4,57,220.3714286,38.0859375,4010.363306,70.35725099,3,70.81911263,15.12857143,101.455037,33.81834567,60,0.05
248,2019 and 2020,QN08,4,176,240.625,17.36666667,13649.57167,77.55438451,27,115.3069084,15.44444444,1916.058995,70.96514798,203,0.133004926
249,2020 and 2021,QN08,4,214,240.625,15.62142857,15612.20667,72.95423679,11,115.3069084,17.4,850.2288572,77.29353248,225,0.048888889
250,2019 and 2020,QN10,4,104,223.2024552,26.8960084,6799.572025,65.38050024,11,91.10263105,15.33039648,585.7658966,53.25144514,115,0.095652174
251,2020 and 2021,QN10,4,110,223.2024552,17.30769231,7071.807825,64.28916205,7,57.55617978,15.33039648,307.2017158,43.8859594,117,0.05982906
252,2019 and 2020,QN12,4,76,176.6456922,20.29926651,4821.468902,63.44038029,6,78.91071429,26.00649351,356.8657171,59.47761952,82,0.073170732
253,2020 and 2021,QN12,4,79,597,20.29926651,6345.641874,80.32458068,8,69.375,28.25615742,450.5185161,56.31481451,87,0.091954023
254,2020 and 2021,QN15,4,173,180.7,5.805,10316.09267,59.63059345,19,180.7,13.24457787,1041.935472,54.83870905,192,0.098958333
255,2019 and 2020,QN15,4,124,180.7,5.805,6816.075694,54.96835237,16,180.7,10.49562682,1195.627377,74.72671108,140,0.114285714
256,2019 and 2020,QN17,4,568,428.0555556,20.59701493,72156.19927,127.0355621,46,343.5,35.9330165,5121.526054,111.3375229,614,0.074918567
257,2020 and 2021,QN17,4,545,428.0555556,26.4,66760.2043,122.4957877,44,413.6869565,35.9330165,5844.412505,132.8275569,589,0.074702886
258,2020 and 2021,QN18,4,213,458.8163265,25.74394464,24061.01953,112.962533,23,212.2389593,25.31314051,2305.121363,100.2226679,236,0.097457627
259,2019 and 2020,QN18,4,212,489.0625,30.49126638,24575.69423,115.923086,12,148.08,37.75360685,925.047171,77.08726425,224,0.053571429
260,2020 and 2021,QN19,4,150,433.5920578,20.05454545,11001.04898,73.34032656,25,108.8235294,16.635,1362.717191,54.50868765,175,0.142857143
261,2019 and 2020,QN19,4,145,433.5920578,18.85,10080.06115,69.51766308,15,124.9383363,16.65204678,935.9263767,62.39509178,160,0.09375
262,2019 and 2020,QN20,4,523,461.25,16.99038462,40312.98407,77.08027547,62,170.0366972,18.90909091,4107.249342,66.24595713,585,0.105982906
263,2020 and 2021,QN20,4,525,461.25,16.99038462,41402.04578,78.86103957,61,190.7142857,19.15217391,4689.806752,76.8820779,586,0.104095563
264,2019 and 2020,QN21,4,189,540.4761905,19.2408377,18437.91859,97.55512479,19,144.6576923,25,1685.309825,88.7005171,208,0.091346154
265,2020 and 2021,QN21,4,170,540.4761905,31.55737705,17395.2132,102.3247835,19,127.7142857,23.97692308,1588.343574,83.5970302,189,0.100529101
266,2019 and 2020,QN22,4,909,576.4921875,26.62835995,122995.2053,135.3082567,86,255.9461538,26.62190083,8877.092058,103.2220007,995,0.086432161
267,2020 and 2021,QN22,4,853,576.4921875,26.62835995,117685.366,137.9664314,114,292.5681818,26.62190083,11507.50979,100.9430683,967,0.117890383
268,2020 and 2021,QN23,4,185,444.5667614,21.28571429,13749.18835,74.31993705,18,187.785,23.92479436,1286.235843,71.45754681,203,0.088669951
269,2019 and 2020,QN23,4,209,444.5667614,27,15848.19632,75.82869055,19,187.785,52.53285089,1428.784692,75.19919429,228,0.083333333
270,2020 and 2021,QN25,4,188,386.1734694,28.59824676,15966.73993,84.92946773,23,142.1907216,34.10966,1713.528357,74.50123291,211,0.109004739
271,2019 and 2020,QN25,4,176,386.1734694,28.59824676,15117.13614,85.89281897,22,168,34.10966,1559.290113,70.87682331,198,0.111111111
272,2019 and 2020,QN26,4,360,413.8858351,27.32432432,45183.36733,125.5093537,39,413.8858351,43.52727273,4526.017134,116.0517214,399,0.097744361
273,2020 and 2021,QN26,4,401,413.8858351,25.82608696,47732.09415,119.0326538,29,334.9663785,20.85245902,2716.991139,93.68934962,430,0.06744186
274,2020 and 2021,QN27,4,81,493.5245902,31.76470588,6787.849507,83.80061119,8,102.5967281,37,443.2279697,55.40349622,89,0.08988764
275,2019 and 2020,QN27,4,50,493.5245902,31.76470588,3944.608588,78.89217175,10,96.70487106,37,569.5618348,56.95618348,60,0.166666667
276,2019 and 2020,QN28,4,836,595.125,11.08210726,107582.1558,128.6867892,55,344.8723404,28.97578644,6223.029333,113.1459879,891,0.061728395
277,2020 and 2021,QN28,4,853,595.125,18.22167488,106768.9478,125.1687547,66,344.8723404,31.60211268,8601.699253,130.3287766,919,0.071817193
278,2019 and 2020,QN29,4,495,500.5102041,18.19935786,62935.82469,127.1430802,57,284.065426,23.20909091,5433.065699,95.31694209,552,0.10326087
279,2020 and 2021,QN29,4,497,500.5102041,18.19935786,63591.01561,127.9497296,39,284.065426,24.34504792,4060.202359,104.1077528,536,0.072761194
280,2019 and 2020,QN30,4,219,560.6237492,17.70804911,16579.95474,75.70755588,23,129.3396226,17.81425891,1576.056295,68.52418675,242,0.095041322
281,2020 and 2021,QN30,4,216,560.6237492,17.70804911,16805.4752,77.80312591,20,129.3396226,21.4,1278.394324,63.91971618,236,0.084745763
282,2019 and 2020,QN31,4,828,426.4285714,6.305599347,72251.67891,87.26048178,96,489.375,6.305599347,7268.705992,75.71568741,924,0.103896104
283,2020 and 2021,QN31,4,843,349.2194153,21.39439655,73762.52056,87.50002439,120,489.375,16.89695896,9613.621423,80.11351186,963,0.124610592
284,2020 and 2021,QN33,4,59,234.2417372,41.62467915,4451.627005,75.45130516,4,60.3,15.05487805,150.2832338,37.57080844,63,0.063492063
285,2019 and 2020,QN33,4,78,234.2417372,29.625,4997.923255,64.07593916,4,46.51442308,29.625,135.3894231,33.84735577,82,0.048780488
286,2020 and 2021,QN34,4,233,419.41201,20,17980.22407,77.16834364,24,186.5454545,18.71311475,1534.081546,63.92006443,257,0.093385214
287,2019 and 2020,QN34,4,226,419.41201,17.04545455,18126.20187,80.20443303,27,139.2857143,17.01323251,1652.481334,61.20301238,253,0.106719368
288,2019 and 2020,QN35,4,176,598.1142857,22.3875,17818.59332,101.2420075,14,164.2145505,17.87658802,1177.890928,84.13506626,190,0.073684211
289,2020 and 2021,QN35,4,173,598.1142857,18.31358885,17125.05403,98.9887516,15,104.1600946,17.87658802,953.7052291,63.58034861,188,0.079787234
290,2020 and 2021,QN37,4,165,589.9090909,48.69642857,19613.95137,118.8724326,12,218.5327128,25.06676037,1074.664026,89.55533549,177,0.06779661
291,2019 and 2020,QN37,4,153,589.9090909,51.47727273,18544.99607,121.2091246,13,182.9412766,51.47727273,1319.441391,101.4954916,166,0.078313253
292,2019 and 2020,QN38,4,157,325.5,27.68817204,14230.1131,90.63766306,16,174.5826923,63.43207354,1478.779259,92.42370369,173,0.092485549
293,2020 and 2021,QN38,4,127,325.5,27.68817204,11082.23769,87.26171407,23,368.6538462,41.21819584,2334.786302,101.5124479,150,0.153333333
294,2019 and 2020,QN41,4,167,366.6796875,40.35696822,24533.07441,146.9046372,5,263.4308886,129.5916392,1146.950013,229.3900027,172,0.029069767
295,2020 and 2021,QN41,4,181,366.6796875,44.55827842,25376.20266,140.2000147,13,263.4308886,83.45930233,2264.250032,174.1730794,194,0.067010309
296,2019 and 2020,QN42,4,105,347.7720066,59.95945946,12776.9954,121.6856705,12,155.1698813,120.7523511,1630.373457,135.8644547,117,0.102564103
297,2020 and 2021,QN42,4,122,163.0414459,59.95945946,14828.64336,121.5462571,18,347.7720066,106.3159167,2813.249245,156.2916247,140,0.128571429
298,2020 and 2021,QN43,4,85,290,57.6,9781.689642,115.0787017,4,109.064228,66.51098901,370.1879287,92.54698218,89,0.04494382
299,2019 and 2020,QN43,4,99,325.862069,47.31617647,10947.18796,110.5776562,3,159,66.51098901,306.510989,102.1703297,102,0.029411765
300,2020 and 2021,QN44,4,109,231.9082783,32.90513834,9705.183355,89.0383794,11,115.0714286,44.89627563,913.5280101,83.04800092,120,0.091666667
301,2019 and 2020,QN44,4,116,231.9082783,44.89627563,10283.0161,88.6466905,8,200.0510986,44.89627563,894.9334022,111.8666753,124,0.064516129
302,2020 and 2021,QN45,4,209,381,25.60714286,20513.18464,98.1492088,40,221.8431122,28.01052632,3596.809139,89.92022849,249,0.16064257
303,2019 and 2020,QN45,4,207,381,43.68881119,19968.44196,96.4659032,36,228,20.89630225,3197.900389,88.83056635,243,0.148148148
304,2019 and 2020,QN46,4,448,483.1196581,21.11898831,48188.66958,107.5639946,28,270.3392735,25.10869565,2532.917671,90.46134541,476,0.058823529
305,2020 and 2021,QN46,4,434,488.0769231,43.85992462,46947.02318,108.1728645,48,270.3392735,27.92307692,4202.286299,87.54763123,482,0.099585062
306,2019 and 2020,QN47,4,126,549.7329773,31.51023559,16416.34186,130.2884274,8,202.331844,59.84437633,1091.662527,136.4578159,134,0.059701493
307,2020 and 2021,QN47,4,115,549.7329773,34.58683346,15149.27236,131.7328031,15,202.331844,34.58683346,2276.886043,151.7924029,130,0.115384615
308,2020 and 2021,QN48,4,143,416.2714636,25.05,14115.76121,98.71161688,4,80.23005032,27.33924612,253.7395092,63.4348773,147,0.027210884
309,2019 and 2020,QN48,4,124,416.2714636,42.5,11854.00363,95.59680343,5,104.7070241,65.80645161,382.4901401,76.49802803,129,0.03875969
310,2019 and 2020,QN49,4,224,428.4466019,28.85025682,18114.39799,80.86784816,19,175.9821429,36.01560243,1409.475345,74.18291289,243,0.0781893
311,2020 and 2021,QN49,4,201,428.4466019,28.85025682,16735.73293,83.26235288,17,128.3698209,34.22413793,1131.664555,66.56850325,218,0.077981651
312,2019 and 2020,QN50,4,147,505.4508197,22.21333333,16985.41027,115.5470087,7,385.6606275,57.80715397,1097.654324,156.8077606,154,0.045454545
313,2020 and 2021,QN50,4,154,505.4508197,28.62668919,17881.04263,116.1106665,11,385.6606275,39.10745743,1450.141931,131.8310846,165,0.066666667
314,2019 and 2020,QN51,4,418,531.2109375,36.3426418,42749.0776,102.2705206,30,220.5882353,25.02008032,2502.673437,83.42244789,448,0.066964286
315,2020 and 2021,QN51,4,389,531.2109375,27.06666667,40497.98968,104.1079426,47,326.75,25.95,4688.358963,99.75231836,436,0.107798165
316,2020 and 2021,QN52,4,120,380.5851064,30.691832,11710.20379,97.58503161,20,149.5423609,24.85,1568.281144,78.41405722,140,0.142857143
317,2019 and 2020,QN52,4,137,380.5851064,30.691832,12429.55436,90.72667414,24,149.5423609,29.75088968,2082.957975,86.78991564,161,0.149068323
318,2019 and 2020,QN53,4,235,223.0333333,16.97881066,16530.63631,70.34313322,41,165,17.61574074,2548.888057,62.16800139,276,0.148550725
319,2020 and 2021,QN53,4,241,223.0333333,16.14413467,17398.11016,72.19132848,30,95.75,17.96,1508.602024,50.28673413,271,0.110701107
320,2020 and 2021,QN54,4,301,274.0455665,14.95909091,20853.17208,69.27964145,25,144.0119674,8.5,1647.797097,65.91188388,326,0.076687117
321,2019 and 2020,QN54,4,278,280.6875,15.15,20225.25726,72.75272397,32,144.0119674,8.94,2252.581107,70.39315958,310,0.103225806
322,2020 and 2021,QN55,4,392,245.2040816,15.38497763,32378.65397,82.59860707,32,151.1538462,17.95,2220.825494,69.40079668,424,0.075471698
323,2019 and 2020,QN55,4,381,252.9,18.21428571,31822.47119,83.52354644,31,151.1538462,17.89795918,1945.57016,62.76032773,412,0.075242718
324,2020 and 2021,QN56,4,136,329.228371,19.25,11895.13103,87.46419877,13,132.9967742,20.81567797,942.985706,72.537362,149,0.087248322
325,2019 and 2020,QN56,4,97,329.228371,35.40733198,8838.059679,91.11401731,9,132.9967742,18.59793814,499.2290166,55.46989073,106,0.08490566
326,2019 and 2020,QN57,4,146,459.9,19.41428571,15658.10724,107.2473099,17,114.9253731,16.57338262,1491.241385,87.72008146,163,0.104294479
327,2020 and 2021,QN57,4,147,459.9,19.41428571,15634.63225,106.3580425,17,123.5383225,34.39171598,1560.472807,91.79251809,164,0.103658537
328,2019 and 2020,QN60,4,110,176.2533937,20.68421053,8476.32544,77.057504,8,100.2647658,53.97157089,586.6465823,73.33082279,118,0.06779661
329,2020 and 2021,QN60,4,101,176.2533937,29.99557587,7684.198028,76.08116859,9,100.05,39.10714286,586.4695149,65.16327944,110,0.081818182
330,2019 and 2020,QN61,4,608,466.281407,17.93571429,62832.3094,103.3426141,66,266.4,11.14547038,6031.083731,91.38005653,674,0.097922849
331,2020 and 2021,QN61,4,572,466.281407,18.0483871,56180.79786,98.21817808,62,264.6818182,17.49264706,4905.303442,79.11779746,634,0.097791798
332,2020 and 2021,QN62,4,53,479.4428571,42.07207207,6142.518425,115.8965741,7,97.99468085,15.09362587,541.4607105,77.35153006,60,0.116666667
333,2019 and 2020,QN62,4,64,479.4428571,42.07207207,7087.625385,110.7441466,6,183.6,15.09362587,572.5092536,95.41820894,70,0.085714286
334,2019 and 2020,QN63,4,417,320.4225352,26.20157819,34915.48897,83.73018937,22,118.0311231,39.32307692,1426.353003,64.8342274,439,0.050113895
335,2020 and 2021,QN63,4,459,320.4225352,26.23906706,39775.41063,86.65666804,14,149.9886938,42.8025,1062.774482,75.91246299,473,0.029598309
336,2020 and 2021,QN66,4,142,288.1136951,16.84285714,11012.80722,77.55498041,10,105.447142,65.95890411,777.5837323,77.75837323,152,0.065789474
337,2019 and 2020,QN66,4,126,137.027027,34.3125,9333.949414,74.0789636,7,81.79054054,53.38421053,424.5102277,60.64431825,133,0.052631579
338,2019 and 2020,QN68,4,274,403.0603448,24.50404858,17114.9075,62.46316607,24,132.1237113,31.97727273,1530.815219,63.78396745,298,0.080536913
339,2020 and 2021,QN68,4,255,418.1012658,24.50404858,17160.26444,67.29515467,38,124.6363636,29.32784552,2547.341801,67.03531054,293,0.129692833
340,2020 and 2021,QN70,4,874,418.7617261,21.14347826,91897.3682,105.1457302,121,308.7429775,20.85454545,12179.76402,100.6592068,995,0.12160804
341,2019 and 2020,QN70,4,861,418.7617261,23.25,88077.0135,102.2961829,98,219.1,24.29078014,9318.41138,95.08583041,959,0.102189781
342,2019 and 2020,QN71,4,151,297.7765487,18.25786416,12952.12617,85.77566999,22,297.7765487,30.18838597,1750.272952,79.55786147,173,0.12716763
343,2020 and 2021,QN71,4,183,297.7765487,20.66494001,15366.2421,83.96853608,24,124.6587031,23.91428571,1647.947524,68.66448018,207,0.115942029
344,2020 and 2021,QN72,4,351,458.5344828,18.02513966,38054.92154,108.4185799,23,207.7089858,30.04693367,2475.744087,107.6410473,374,0.061497326
345,2019 and 2020,QN72,4,364,458.5344828,18.02513966,39726.00653,109.1373806,29,207.7089858,20.6953125,3081.172456,106.2473261,393,0.073791349
346,2020 and 2021,QN76,4,81,391.7789757,20.28125,6320.160559,78.02667357,7,163.4433962,15.69565217,395.9815063,56.56878661,88,0.079545455
347,2019 and 2020,QN76,4,78,391.7789757,20.13888889,6419.400155,82.30000199,15,100.862069,13.35252982,974.3604177,64.95736118,93,0.161290323
348,2020 and 2021,QN99,4,31,229.65,40.25,1911.598981,61.66448327,3,52.61029412,44.75007308,149.9706613,49.99022044,34,0.088235294
349,2019 and 2020,QN99,4,37,229.65,28.125,2244.477039,60.66154159,2,52.61029412,44.75007308,97.3603672,48.6801836,39,0.051282051
350,2019 and 2020,SI01,5,102,407.1857143,47.74709302,11646.86337,114.184935,5,329.050692,86.99472759,699.4766779,139.8953356,107,0.046728972
351,2020 and 2021,SI01,5,112,407.1857143,46.98,12847.30388,114.7080704,6,152.9716344,71.91603317,601.6403171,100.2733862,118,0.050847458
352,2020 and 2021,SI05,5,215,430.625,21.94538424,16671.36101,77.54121402,17,98.29625918,35.41204114,860.6136896,50.62433468,232,0.073275862
353,2019 and 2020,SI05,5,239,430.625,15.93103448,18001.69531,75.3209009,16,98.29625918,34.06187224,913.1369106,57.07105691,255,0.062745098
354,2020 and 2021,SI07,5,226,249,16.34797588,17119.23931,75.7488465,21,113.578125,22.20779221,1426.870502,67.9462144,247,0.085020243
355,2019 and 2020,SI07,5,229,249,16.60025707,16623.02886,72.58964568,23,134.2653061,17.53228121,1337.885644,58.16894105,252,0.091269841
356,2020 and 2021,SI08,5,44,109.8958333,23.85248816,2551.056817,57.97856402,7,82.10241894,32.91416705,409.0539024,58.43627177,51,0.137254902
357,2019 and 2020,SI08,5,40,109.8958333,23.85248816,2437.39946,60.93498651,4,50.63211125,32.91416705,184.6780487,46.16951218,44,0.090909091
358,2019 and 2020,SI11,5,325,365.8766987,13.42028986,24081.47614,74.09684965,20,95.59803941,25.23506731,1397.666914,69.88334572,345,0.057971014
359,2020 and 2021,SI11,5,298,365.8766987,13.42028986,23096.79816,77.50603409,21,141.6338583,18.7785942,1637.218385,77.96278026,319,0.065830721
360,2020 and 2021,SI12,5,175,401.116359,7.972027972,12261.30293,70.06458819,15,103.0138504,7.216,869.171202,57.9447468,190,0.078947368
361,2019 and 2020,SI12,5,182,401.116359,7.216,11627.11083,63.88522431,21,252.9561404,7.972027972,1110.371191,52.87481864,203,0.103448276
362,2020 and 2021,SI14,5,90,342.6405176,28.78846154,7159.258661,79.54731845,10,94.33486239,30.625,626.4666784,62.64666784,100,0.1
363,2019 and 2020,SI14,5,78,178.612013,28.78846154,5521.896842,70.79354925,10,140.3125,12.83333333,736.5799693,73.65799693,88,0.113636364
364,2020 and 2021,SI22,5,200,405,17.34991373,11140.43327,55.70216637,33,81.81818182,7.406609195,1441.913247,43.69434081,233,0.141630901
365,2019 and 2020,SI22,5,215,405,10.27115859,11785.9804,54.81851348,39,253.125,7.406609195,1837.680228,47.12000583,254,0.153543307
366,2020 and 2021,SI24,5,180,253.4464286,43.59654944,16849.39871,93.60777061,15,167.535,60.8999201,1299.556392,86.63709277,195,0.076923077
367,2019 and 2020,SI24,5,174,253.4464286,43.59654944,16605.17326,95.43203025,19,129.5133316,54.52040816,1612.493642,84.86808642,193,0.098445596
368,2020 and 2021,SI25,5,68,195.1495399,17.65625,6940.14652,102.0609782,5,92.58385643,92.58385643,462.9192822,92.58385643,73,0.068493151
369,2019 and 2020,SI25,5,67,142.5360759,19.39790576,6591.896925,98.38652126,2,92.58385643,92.58385643,185.1677129,92.58385643,69,0.028985507
370,2020 and 2021,SI28,5,117,258.2678571,9.39375,6760.884534,57.7853379,19,126.2117647,5.512104283,1028.11854,54.1115021,136,0.139705882
371,2019 and 2020,SI28,5,129,258.2678571,18.33333333,7742.623745,60.02033911,6,75.9263834,5.512104283,254.0122026,42.3353671,135,0.044444444
372,2020 and 2021,SI32,5,73,242.7455357,28.21095076,8380.543342,114.8019636,2,109.4443354,109.4443354,218.8886707,109.4443354,75,0.026666667
373,2019 and 2020,SI32,5,54,242.7455357,28.21095076,6002.34235,111.154488,1,184.5007213,184.5007213,184.5007213,184.5007213,55,0.018181818
374,2019 and 2020,SI35,5,111,234.5971564,34.63953488,8677.217377,78.17312953,10,100.2857143,14.925,542.0661596,54.20661596,121,0.082644628
375,2020 and 2021,SI35,5,114,345.369996,28.4375,9067.450657,79.53904085,17,234.5971564,14.925,1253.427313,73.73101844,131,0.129770992
376,2020 and 2021,SI36,5,194,508.2847141,19.20430108,16960.64709,87.42601594,27,90.6,46.21815287,1996.1654,73.93205185,221,0.122171946
377,2019 and 2020,SI36,5,199,293.7652812,32.97324312,16307.62227,81.94785061,26,163.2857143,25.25911474,1868.37435,71.86055194,225,0.115555556
378,2020 and 2021,SI37,5,172,217.8409091,9.361393324,9458.477413,54.99114775,36,192.8571429,21.27272727,1670.134395,46.39262209,208,0.173076923
379,2019 and 2020,SI37,5,168,217.8409091,7.697802198,9400.626458,55.95610987,36,192.8571429,11.68301887,1644.015055,45.66708486,204,0.176470588
380,2020 and 2021,SI45,5,314,233.5991202,14.15607985,24746.34789,78.81002514,30,152.4216676,33.58536585,2370.647671,79.02158905,344,0.087209302
381,2019 and 2020,SI45,5,287,328.2352941,14.15607985,22083.27892,76.94522273,56,152.4216676,38.31833521,5136.737364,91.72745293,343,0.163265306
382,2019 and 2020,SI54,5,280,365.2741514,31.86009539,27356.99738,97.70356206,20,159.4240142,13.18791946,1556.26445,77.81322249,300,0.066666667
383,2020 and 2021,SI54,5,265,365.2741514,32.61363636,26199.26331,98.86514458,20,159.4240142,32.61363636,1839.685465,91.98427323,285,0.070175439